date,year,month,month_name,month_year,quarter,day,weekday
2024-01-01,2024,1,Jan,2024-01,1,1,Monday
2024-01-02,2024,1,Jan,2024-01,1,2,Tuesday
2024-01-03,2024,1,Jan,2024-01,1,3,Wednesday
2024-01-04,2024,1,Jan,2024-01,1,4,Thursday
2024-01-05,2024,1,Jan,2024-01,1,5,Friday
2024-01-06,2024,1,Jan,2024-01,1,6,Saturday
2024-01-07,2024,1,Jan,2024-01,1,7,Sunday
2024-01-08,2024,1,Jan,2024-01,1,8,Monday
2024-01-09,2024,1,Jan,2024-01,1,9,Tuesday
2024-01-10,2024,1,Jan,2024-01,1,10,Wednesday
2024-01-11,2024,1,Jan,2024-01,1,11,Thursday
2024-01-12,2024,1,Jan,2024-01,1,12,Friday
2024-01-13,2024,1,Jan,2024-01,1,13,Saturday
2024-01-14,2024,1,Jan,2024-01,1,14,Sunday
2024-01-15,2024,1,Jan,2024-01,1,15,Monday
2024-01-16,2024,1,Jan,2024-01,1,16,Tuesday
2024-01-17,2024,1,Jan,2024-01,1,17,Wednesday
2024-01-18,2024,1,Jan,2024-01,1,18,Thursday
2024-01-19,2024,1,Jan,2024-01,1,19,Friday
2024-01-20,2024,1,Jan,2024-01,1,20,Saturday
2024-01-21,2024,1,Jan,2024-01,1,21,Sunday
2024-01-22,2024,1,Jan,2024-01,1,22,Monday
2024-01-23,2024,1,Jan,2024-01,1,23,Tuesday
2024-01-24,2024,1,Jan,2024-01,1,24,Wednesday
2024-01-25,2024,1,Jan,2024-01,1,25,Thursday
2024-01-26,2024,1,Jan,2024-01,1,26,Friday
2024-01-27,2024,1,Jan,2024-01,1,27,Saturday
2024-01-28,2024,1,Jan,2024-01,1,28,Sunday
2024-01-29,2024,1,Jan,2024-01,1,29,Monday
2024-01-30,2024,1,Jan,2024-01,1,30,Tuesday
2024-01-31,2024,1,Jan,2024-01,1,31,Wednesday
2024-02-01,2024,2,Feb,2024-02,1,1,Thursday
2024-02-02,2024,2,Feb,2024-02,1,2,Friday
2024-02-03,2024,2,Feb,2024-02,1,3,Saturday
2024-02-04,2024,2,Feb,2024-02,1,4,Sunday
2024-02-05,2024,2,Feb,2024-02,1,5,Monday
2024-02-06,2024,2,Feb,2024-02,1,6,Tuesday
2024-02-07,2024,2,Feb,2024-02,1,7,Wednesday
2024-02-08,2024,2,Feb,2024-02,1,8,Thursday
2024-02-09,2024,2,Feb,2024-02,1,9,Friday
2024-02-10,2024,2,Feb,2024-02,1,10,Saturday
2024-02-11,2024,2,Feb,2024-02,1,11,Sunday
2024-02-12,2024,2,Feb,2024-02,1,12,Monday
2024-02-13,2024,2,Feb,2024-02,1,13,Tuesday
2024-02-14,2024,2,Feb,2024-02,1,14,Wednesday
2024-02-15,2024,2,Feb,2024-02,1,15,Thursday
2024-02-16,2024,2,Feb,2024-02,1,16,Friday
2024-02-17,2024,2,Feb,2024-02,1,17,Saturday
2024-02-18,2024,2,Feb,2024-02,1,18,Sunday
2024-02-19,2024,2,Feb,2024-02,1,19,Monday
2024-02-20,2024,2,Feb,2024-02,1,20,Tuesday
2024-02-21,2024,2,Feb,2024-02,1,21,Wednesday
2024-02-22,2024,2,Feb,2024-02,1,22,Thursday
2024-02-23,2024,2,Feb,2024-02,1,23,Friday
2024-02-24,2024,2,Feb,2024-02,1,24,Saturday
2024-02-25,2024,2,Feb,2024-02,1,25,Sunday
2024-02-26,2024,2,Feb,2024-02,1,26,Monday
2024-02-27,2024,2,Feb,2024-02,1,27,Tuesday
2024-02-28,2024,2,Feb,2024-02,1,28,Wednesday
2024-02-29,2024,2,Feb,2024-02,1,29,Thursday
2024-03-01,2024,3,Mar,2024-03,1,1,Friday
2024-03-02,2024,3,Mar,2024-03,1,2,Saturday
2024-03-03,2024,3,Mar,2024-03,1,3,Sunday
2024-03-04,2024,3,Mar,2024-03,1,4,Monday
2024-03-05,2024,3,Mar,2024-03,1,5,Tuesday
2024-03-06,2024,3,Mar,2024-03,1,6,Wednesday
2024-03-07,2024,3,Mar,2024-03,1,7,Thursday
2024-03-08,2024,3,Mar,2024-03,1,8,Friday
2024-03-09,2024,3,Mar,2024-03,1,9,Saturday
2024-03-10,2024,3,Mar,2024-03,1,10,Sunday
2024-03-11,2024,3,Mar,2024-03,1,11,Monday
2024-03-12,2024,3,Mar,2024-03,1,12,Tuesday
2024-03-13,2024,3,Mar,2024-03,1,13,Wednesday
2024-03-14,2024,3,Mar,2024-03,1,14,Thursday
2024-03-15,2024,3,Mar,2024-03,1,15,Friday
2024-03-16,2024,3,Mar,2024-03,1,16,Saturday
2024-03-17,2024,3,Mar,2024-03,1,17,Sunday
2024-03-18,2024,3,Mar,2024-03,1,18,Monday
2024-03-19,2024,3,Mar,2024-03,1,19,Tuesday
2024-03-20,2024,3,Mar,2024-03,1,20,Wednesday
2024-03-21,2024,3,Mar,2024-03,1,21,Thursday
2024-03-22,2024,3,Mar,2024-03,1,22,Friday
2024-03-23,2024,3,Mar,2024-03,1,23,Saturday
2024-03-24,2024,3,Mar,2024-03,1,24,Sunday
2024-03-25,2024,3,Mar,2024-03,1,25,Monday
2024-03-26,2024,3,Mar,2024-03,1,26,Tuesday
2024-03-27,2024,3,Mar,2024-03,1,27,Wednesday
2024-03-28,2024,3,Mar,2024-03,1,28,Thursday
2024-03-29,2024,3,Mar,2024-03,1,29,Friday
2024-03-30,2024,3,Mar,2024-03,1,30,Saturday
2024-03-31,2024,3,Mar,2024-03,1,31,Sunday
2024-04-01,2024,4,Apr,2024-04,2,1,Monday
2024-04-02,2024,4,Apr,2024-04,2,2,Tuesday
2024-04-03,2024,4,Apr,2024-04,2,3,Wednesday
2024-04-04,2024,4,Apr,2024-04,2,4,Thursday
2024-04-05,2024,4,Apr,2024-04,2,5,Friday
2024-04-06,2024,4,Apr,2024-04,2,6,Saturday
2024-04-07,2024,4,Apr,2024-04,2,7,Sunday
2024-04-08,2024,4,Apr,2024-04,2,8,Monday
2024-04-09,2024,4,Apr,2024-04,2,9,Tuesday
2024-04-10,2024,4,Apr,2024-04,2,10,Wednesday
2024-04-11,2024,4,Apr,2024-04,2,11,Thursday
2024-04-12,2024,4,Apr,2024-04,2,12,Friday
2024-04-13,2024,4,Apr,2024-04,2,13,Saturday
2024-04-14,2024,4,Apr,2024-04,2,14,Sunday
2024-04-15,2024,4,Apr,2024-04,2,15,Monday
2024-04-16,2024,4,Apr,2024-04,2,16,Tuesday
2024-04-17,2024,4,Apr,2024-04,2,17,Wednesday
2024-04-18,2024,4,Apr,2024-04,2,18,Thursday
2024-04-19,2024,4,Apr,2024-04,2,19,Friday
2024-04-20,2024,4,Apr,2024-04,2,20,Saturday
2024-04-21,2024,4,Apr,2024-04,2,21,Sunday
2024-04-22,2024,4,Apr,2024-04,2,22,Monday
2024-04-23,2024,4,Apr,2024-04,2,23,Tuesday
2024-04-24,2024,4,Apr,2024-04,2,24,Wednesday
2024-04-25,2024,4,Apr,2024-04,2,25,Thursday
2024-04-26,2024,4,Apr,2024-04,2,26,Friday
2024-04-27,2024,4,Apr,2024-04,2,27,Saturday
2024-04-28,2024,4,Apr,2024-04,2,28,Sunday
2024-04-29,2024,4,Apr,2024-04,2,29,Monday
2024-04-30,2024,4,Apr,2024-04,2,30,Tuesday
2024-05-01,2024,5,May,2024-05,2,1,Wednesday
2024-05-02,2024,5,May,2024-05,2,2,Thursday
2024-05-03,2024,5,May,2024-05,2,3,Friday
2024-05-04,2024,5,May,2024-05,2,4,Saturday
2024-05-05,2024,5,May,2024-05,2,5,Sunday
2024-05-06,2024,5,May,2024-05,2,6,Monday
2024-05-07,2024,5,May,2024-05,2,7,Tuesday
2024-05-08,2024,5,May,2024-05,2,8,Wednesday
2024-05-09,2024,5,May,2024-05,2,9,Thursday
2024-05-10,2024,5,May,2024-05,2,10,Friday
2024-05-11,2024,5,May,2024-05,2,11,Saturday
2024-05-12,2024,5,May,2024-05,2,12,Sunday
2024-05-13,2024,5,May,2024-05,2,13,Monday
2024-05-14,2024,5,May,2024-05,2,14,Tuesday
2024-05-15,2024,5,May,2024-05,2,15,Wednesday
2024-05-16,2024,5,May,2024-05,2,16,Thursday
2024-05-17,2024,5,May,2024-05,2,17,Friday
2024-05-18,2024,5,May,2024-05,2,18,Saturday
2024-05-19,2024,5,May,2024-05,2,19,Sunday
2024-05-20,2024,5,May,2024-05,2,20,Monday
2024-05-21,2024,5,May,2024-05,2,21,Tuesday
2024-05-22,2024,5,May,2024-05,2,22,Wednesday
2024-05-23,2024,5,May,2024-05,2,23,Thursday
2024-05-24,2024,5,May,2024-05,2,24,Friday
2024-05-25,2024,5,May,2024-05,2,25,Saturday
2024-05-26,2024,5,May,2024-05,2,26,Sunday
2024-05-27,2024,5,May,2024-05,2,27,Monday
2024-05-28,2024,5,May,2024-05,2,28,Tuesday
2024-05-29,2024,5,May,2024-05,2,29,Wednesday
2024-05-30,2024,5,May,2024-05,2,30,Thursday
2024-05-31,2024,5,May,2024-05,2,31,Friday
2024-06-01,2024,6,Jun,2024-06,2,1,Saturday
2024-06-02,2024,6,Jun,2024-06,2,2,Sunday
2024-06-03,2024,6,Jun,2024-06,2,3,Monday
2024-06-04,2024,6,Jun,2024-06,2,4,Tuesday
2024-06-05,2024,6,Jun,2024-06,2,5,Wednesday
2024-06-06,2024,6,Jun,2024-06,2,6,Thursday
2024-06-07,2024,6,Jun,2024-06,2,7,Friday
2024-06-08,2024,6,Jun,2024-06,2,8,Saturday
2024-06-09,2024,6,Jun,2024-06,2,9,Sunday
2024-06-10,2024,6,Jun,2024-06,2,10,Monday
2024-06-11,2024,6,Jun,2024-06,2,11,Tuesday
2024-06-12,2024,6,Jun,2024-06,2,12,Wednesday
2024-06-13,2024,6,Jun,2024-06,2,13,Thursday
2024-06-14,2024,6,Jun,2024-06,2,14,Friday
2024-06-15,2024,6,Jun,2024-06,2,15,Saturday
2024-06-16,2024,6,Jun,2024-06,2,16,Sunday
2024-06-17,2024,6,Jun,2024-06,2,17,Monday
2024-06-18,2024,6,Jun,2024-06,2,18,Tuesday
2024-06-19,2024,6,Jun,2024-06,2,19,Wednesday
2024-06-20,2024,6,Jun,2024-06,2,20,Thursday
2024-06-21,2024,6,Jun,2024-06,2,21,Friday
2024-06-22,2024,6,Jun,2024-06,2,22,Saturday
2024-06-23,2024,6,Jun,2024-06,2,23,Sunday
2024-06-24,2024,6,Jun,2024-06,2,24,Monday
2024-06-25,2024,6,Jun,2024-06,2,25,Tuesday
2024-06-26,2024,6,Jun,2024-06,2,26,Wednesday
2024-06-27,2024,6,Jun,2024-06,2,27,Thursday
2024-06-28,2024,6,Jun,2024-06,2,28,Friday
2024-06-29,2024,6,Jun,2024-06,2,29,Saturday
2024-06-30,2024,6,Jun,2024-06,2,30,Sunday
2024-07-01,2024,7,Jul,2024-07,3,1,Monday
2024-07-02,2024,7,Jul,2024-07,3,2,Tuesday
2024-07-03,2024,7,Jul,2024-07,3,3,Wednesday
2024-07-04,2024,7,Jul,2024-07,3,4,Thursday
2024-07-05,2024,7,Jul,2024-07,3,5,Friday
2024-07-06,2024,7,Jul,2024-07,3,6,Saturday
2024-07-07,2024,7,Jul,2024-07,3,7,Sunday
2024-07-08,2024,7,Jul,2024-07,3,8,Monday
2024-07-09,2024,7,Jul,2024-07,3,9,Tuesday
2024-07-10,2024,7,Jul,2024-07,3,10,Wednesday
2024-07-11,2024,7,Jul,2024-07,3,11,Thursday
2024-07-12,2024,7,Jul,2024-07,3,12,Friday
2024-07-13,2024,7,Jul,2024-07,3,13,Saturday
2024-07-14,2024,7,Jul,2024-07,3,14,Sunday
2024-07-15,2024,7,Jul,2024-07,3,15,Monday
2024-07-16,2024,7,Jul,2024-07,3,16,Tuesday
2024-07-17,2024,7,Jul,2024-07,3,17,Wednesday
2024-07-18,2024,7,Jul,2024-07,3,18,Thursday
2024-07-19,2024,7,Jul,2024-07,3,19,Friday
2024-07-20,2024,7,Jul,2024-07,3,20,Saturday
2024-07-21,2024,7,Jul,2024-07,3,21,Sunday
2024-07-22,2024,7,Jul,2024-07,3,22,Monday
2024-07-23,2024,7,Jul,2024-07,3,23,Tuesday
2024-07-24,2024,7,Jul,2024-07,3,24,Wednesday
2024-07-25,2024,7,Jul,2024-07,3,25,Thursday
2024-07-26,2024,7,Jul,2024-07,3,26,Friday
2024-07-27,2024,7,Jul,2024-07,3,27,Saturday
2024-07-28,2024,7,Jul,2024-07,3,28,Sunday
2024-07-29,2024,7,Jul,2024-07,3,29,Monday
2024-07-30,2024,7,Jul,2024-07,3,30,Tuesday
2024-07-31,2024,7,Jul,2024-07,3,31,Wednesday
2024-08-01,2024,8,Aug,2024-08,3,1,Thursday
2024-08-02,2024,8,Aug,2024-08,3,2,Friday
2024-08-03,2024,8,Aug,2024-08,3,3,Saturday
2024-08-04,2024,8,Aug,2024-08,3,4,Sunday
2024-08-05,2024,8,Aug,2024-08,3,5,Monday
2024-08-06,2024,8,Aug,2024-08,3,6,Tuesday
2024-08-07,2024,8,Aug,2024-08,3,7,Wednesday
2024-08-08,2024,8,Aug,2024-08,3,8,Thursday
2024-08-09,2024,8,Aug,2024-08,3,9,Friday
2024-08-10,2024,8,Aug,2024-08,3,10,Saturday
2024-08-11,2024,8,Aug,2024-08,3,11,Sunday
2024-08-12,2024,8,Aug,2024-08,3,12,Monday
2024-08-13,2024,8,Aug,2024-08,3,13,Tuesday
2024-08-14,2024,8,Aug,2024-08,3,14,Wednesday
2024-08-15,2024,8,Aug,2024-08,3,15,Thursday
2024-08-16,2024,8,Aug,2024-08,3,16,Friday
2024-08-17,2024,8,Aug,2024-08,3,17,Saturday
2024-08-18,2024,8,Aug,2024-08,3,18,Sunday
2024-08-19,2024,8,Aug,2024-08,3,19,Monday
2024-08-20,2024,8,Aug,2024-08,3,20,Tuesday
2024-08-21,2024,8,Aug,2024-08,3,21,Wednesday
2024-08-22,2024,8,Aug,2024-08,3,22,Thursday
2024-08-23,2024,8,Aug,2024-08,3,23,Friday
2024-08-24,2024,8,Aug,2024-08,3,24,Saturday
2024-08-25,2024,8,Aug,2024-08,3,25,Sunday
2024-08-26,2024,8,Aug,2024-08,3,26,Monday
2024-08-27,2024,8,Aug,2024-08,3,27,Tuesday
2024-08-28,2024,8,Aug,2024-08,3,28,Wednesday
2024-08-29,2024,8,Aug,2024-08,3,29,Thursday
2024-08-30,2024,8,Aug,2024-08,3,30,Friday
2024-08-31,2024,8,Aug,2024-08,3,31,Saturday
2024-09-01,2024,9,Sep,2024-09,3,1,Sunday
2024-09-02,2024,9,Sep,2024-09,3,2,Monday
2024-09-03,2024,9,Sep,2024-09,3,3,Tuesday
2024-09-04,2024,9,Sep,2024-09,3,4,Wednesday
2024-09-05,2024,9,Sep,2024-09,3,5,Thursday
2024-09-06,2024,9,Sep,2024-09,3,6,Friday
2024-09-07,2024,9,Sep,2024-09,3,7,Saturday
2024-09-08,2024,9,Sep,2024-09,3,8,Sunday
2024-09-09,2024,9,Sep,2024-09,3,9,Monday
2024-09-10,2024,9,Sep,2024-09,3,10,Tuesday
2024-09-11,2024,9,Sep,2024-09,3,11,Wednesday
2024-09-12,2024,9,Sep,2024-09,3,12,Thursday
2024-09-13,2024,9,Sep,2024-09,3,13,Friday
2024-09-14,2024,9,Sep,2024-09,3,14,Saturday
2024-09-15,2024,9,Sep,2024-09,3,15,Sunday
2024-09-16,2024,9,Sep,2024-09,3,16,Monday
2024-09-17,2024,9,Sep,2024-09,3,17,Tuesday
2024-09-18,2024,9,Sep,2024-09,3,18,Wednesday
2024-09-19,2024,9,Sep,2024-09,3,19,Thursday
2024-09-20,2024,9,Sep,2024-09,3,20,Friday
2024-09-21,2024,9,Sep,2024-09,3,21,Saturday
2024-09-22,2024,9,Sep,2024-09,3,22,Sunday
2024-09-23,2024,9,Sep,2024-09,3,23,Monday
2024-09-24,2024,9,Sep,2024-09,3,24,Tuesday
2024-09-25,2024,9,Sep,2024-09,3,25,Wednesday
2024-09-26,2024,9,Sep,2024-09,3,26,Thursday
2024-09-27,2024,9,Sep,2024-09,3,27,Friday
2024-09-28,2024,9,Sep,2024-09,3,28,Saturday
2024-09-29,2024,9,Sep,2024-09,3,29,Sunday
2024-09-30,2024,9,Sep,2024-09,3,30,Monday
2024-10-01,2024,10,Oct,2024-10,4,1,Tuesday
2024-10-02,2024,10,Oct,2024-10,4,2,Wednesday
2024-10-03,2024,10,Oct,2024-10,4,3,Thursday
2024-10-04,2024,10,Oct,2024-10,4,4,Friday
2024-10-05,2024,10,Oct,2024-10,4,5,Saturday
2024-10-06,2024,10,Oct,2024-10,4,6,Sunday
2024-10-07,2024,10,Oct,2024-10,4,7,Monday
2024-10-08,2024,10,Oct,2024-10,4,8,Tuesday
2024-10-09,2024,10,Oct,2024-10,4,9,Wednesday
2024-10-10,2024,10,Oct,2024-10,4,10,Thursday
2024-10-11,2024,10,Oct,2024-10,4,11,Friday
2024-10-12,2024,10,Oct,2024-10,4,12,Saturday
2024-10-13,2024,10,Oct,2024-10,4,13,Sunday
2024-10-14,2024,10,Oct,2024-10,4,14,Monday
2024-10-15,2024,10,Oct,2024-10,4,15,Tuesday
2024-10-16,2024,10,Oct,2024-10,4,16,Wednesday
2024-10-17,2024,10,Oct,2024-10,4,17,Thursday
2024-10-18,2024,10,Oct,2024-10,4,18,Friday
2024-10-19,2024,10,Oct,2024-10,4,19,Saturday
2024-10-20,2024,10,Oct,2024-10,4,20,Sunday
2024-10-21,2024,10,Oct,2024-10,4,21,Monday
2024-10-22,2024,10,Oct,2024-10,4,22,Tuesday
2024-10-23,2024,10,Oct,2024-10,4,23,Wednesday
2024-10-24,2024,10,Oct,2024-10,4,24,Thursday
2024-10-25,2024,10,Oct,2024-10,4,25,Friday
2024-10-26,2024,10,Oct,2024-10,4,26,Saturday
2024-10-27,2024,10,Oct,2024-10,4,27,Sunday
2024-10-28,2024,10,Oct,2024-10,4,28,Monday
2024-10-29,2024,10,Oct,2024-10,4,29,Tuesday
2024-10-30,2024,10,Oct,2024-10,4,30,Wednesday
2024-10-31,2024,10,Oct,2024-10,4,31,Thursday
2024-11-01,2024,11,Nov,2024-11,4,1,Friday
2024-11-02,2024,11,Nov,2024-11,4,2,Saturday
2024-11-03,2024,11,Nov,2024-11,4,3,Sunday
2024-11-04,2024,11,Nov,2024-11,4,4,Monday
2024-11-05,2024,11,Nov,2024-11,4,5,Tuesday
2024-11-06,2024,11,Nov,2024-11,4,6,Wednesday
2024-11-07,2024,11,Nov,2024-11,4,7,Thursday
2024-11-08,2024,11,Nov,2024-11,4,8,Friday
2024-11-09,2024,11,Nov,2024-11,4,9,Saturday
2024-11-10,2024,11,Nov,2024-11,4,10,Sunday
2024-11-11,2024,11,Nov,2024-11,4,11,Monday
2024-11-12,2024,11,Nov,2024-11,4,12,Tuesday
2024-11-13,2024,11,Nov,2024-11,4,13,Wednesday
2024-11-14,2024,11,Nov,2024-11,4,14,Thursday
2024-11-15,2024,11,Nov,2024-11,4,15,Friday
2024-11-16,2024,11,Nov,2024-11,4,16,Saturday
2024-11-17,2024,11,Nov,2024-11,4,17,Sunday
2024-11-18,2024,11,Nov,2024-11,4,18,Monday
2024-11-19,2024,11,Nov,2024-11,4,19,Tuesday
2024-11-20,2024,11,Nov,2024-11,4,20,Wednesday
2024-11-21,2024,11,Nov,2024-11,4,21,Thursday
2024-11-22,2024,11,Nov,2024-11,4,22,Friday
2024-11-23,2024,11,Nov,2024-11,4,23,Saturday
2024-11-24,2024,11,Nov,2024-11,4,24,Sunday
2024-11-25,2024,11,Nov,2024-11,4,25,Monday
2024-11-26,2024,11,Nov,2024-11,4,26,Tuesday
2024-11-27,2024,11,Nov,2024-11,4,27,Wednesday
2024-11-28,2024,11,Nov,2024-11,4,28,Thursday
2024-11-29,2024,11,Nov,2024-11,4,29,Friday
2024-11-30,2024,11,Nov,2024-11,4,30,Saturday
2024-12-01,2024,12,Dec,2024-12,4,1,Sunday
2024-12-02,2024,12,Dec,2024-12,4,2,Monday
2024-12-03,2024,12,Dec,2024-12,4,3,Tuesday
2024-12-04,2024,12,Dec,2024-12,4,4,Wednesday
2024-12-05,2024,12,Dec,2024-12,4,5,Thursday
2024-12-06,2024,12,Dec,2024-12,4,6,Friday
2024-12-07,2024,12,Dec,2024-12,4,7,Saturday
2024-12-08,2024,12,Dec,2024-12,4,8,Sunday
2024-12-09,2024,12,Dec,2024-12,4,9,Monday
2024-12-10,2024,12,Dec,2024-12,4,10,Tuesday
2024-12-11,2024,12,Dec,2024-12,4,11,Wednesday
2024-12-12,2024,12,Dec,2024-12,4,12,Thursday
2024-12-13,2024,12,Dec,2024-12,4,13,Friday
2024-12-14,2024,12,Dec,2024-12,4,14,Saturday
2024-12-15,2024,12,Dec,2024-12,4,15,Sunday
2024-12-16,2024,12,Dec,2024-12,4,16,Monday
2024-12-17,2024,12,Dec,2024-12,4,17,Tuesday
2024-12-18,2024,12,Dec,2024-12,4,18,Wednesday
2024-12-19,2024,12,Dec,2024-12,4,19,Thursday
2024-12-20,2024,12,Dec,2024-12,4,20,Friday
2024-12-21,2024,12,Dec,2024-12,4,21,Saturday
2024-12-22,2024,12,Dec,2024-12,4,22,Sunday
2024-12-23,2024,12,Dec,2024-12,4,23,Monday
2024-12-24,2024,12,Dec,2024-12,4,24,Tuesday
2024-12-25,2024,12,Dec,2024-12,4,25,Wednesday
2024-12-26,2024,12,Dec,2024-12,4,26,Thursday
2024-12-27,2024,12,Dec,2024-12,4,27,Friday
2024-12-28,2024,12,Dec,2024-12,4,28,Saturday
2024-12-29,2024,12,Dec,2024-12,4,29,Sunday
2024-12-30,2024,12,Dec,2024-12,4,30,Monday
2024-12-31,2024,12,Dec,2024-12,4,31,Tuesday
